[{"pk": 22, "model": "auth.permission", "fields": {"codename": "add_logentry", "name": "Can add log entry", "content_type": 8}}, {"pk": 23, "model": "auth.permission", "fields": {"codename": "change_logentry", "name": "Can change log entry", "content_type": 8}}, {"pk": 24, "model": "auth.permission", "fields": {"codename": "delete_logentry", "name": "Can delete log entry", "content_type": 8}}, {"pk": 4, "model": "auth.permission", "fields": {"codename": "add_group", "name": "Can add group", "content_type": 2}}, {"pk": 5, "model": "auth.permission", "fields": {"codename": "change_group", "name": "Can change group", "content_type": 2}}, {"pk": 6, "model": "auth.permission", "fields": {"codename": "delete_group", "name": "Can delete group", "content_type": 2}}, {"pk": 10, "model": "auth.permission", "fields": {"codename": "add_message", "name": "Can add message", "content_type": 4}}, {"pk": 11, "model": "auth.permission", "fields": {"codename": "change_message", "name": "Can change message", "content_type": 4}}, {"pk": 12, "model": "auth.permission", "fields": {"codename": "delete_message", "name": "Can delete message", "content_type": 4}}, {"pk": 1, "model": "auth.permission", "fields": {"codename": "add_permission", "name": "Can add permission", "content_type": 1}}, {"pk": 2, "model": "auth.permission", "fields": {"codename": "change_permission", "name": "Can change permission", "content_type": 1}}, {"pk": 3, "model": "auth.permission", "fields": {"codename": "delete_permission", "name": "Can delete permission", "content_type": 1}}, {"pk": 7, "model": "auth.permission", "fields": {"codename": "add_user", "name": "Can add user", "content_type": 3}}, {"pk": 8, "model": "auth.permission", "fields": {"codename": "change_user", "name": "Can change user", "content_type": 3}}, {"pk": 9, "model": "auth.permission", "fields": {"codename": "delete_user", "name": "Can delete user", "content_type": 3}}, {"pk": 175, "model": "auth.permission", "fields": {"codename": "add_classification", "name": "Can add classification", "content_type": 59}}, {"pk": 176, "model": "auth.permission", "fields": {"codename": "change_classification", "name": "Can change classification", "content_type": 59}}, {"pk": 177, "model": "auth.permission", "fields": {"codename": "delete_classification", "name": "Can delete classification", "content_type": 59}}, {"pk": 172, "model": "auth.permission", "fields": {"codename": "add_publaw", "name": "Can add pub law", "content_type": 58}}, {"pk": 173, "model": "auth.permission", "fields": {"codename": "change_publaw", "name": "Can change pub law", "content_type": 58}}, {"pk": 174, "model": "auth.permission", "fields": {"codename": "delete_publaw", "name": "Can delete pub law", "content_type": 58}}, {"pk": 88, "model": "auth.permission", "fields": {"codename": "add_comment", "name": "Can add comment", "content_type": 30}}, {"pk": 89, "model": "auth.permission", "fields": {"codename": "change_comment", "name": "Can change comment", "content_type": 30}}, {"pk": 90, "model": "auth.permission", "fields": {"codename": "delete_comment", "name": "Can delete comment", "content_type": 30}}, {"pk": 151, "model": "auth.permission", "fields": {"codename": "add_followobject", "name": "Can add follow object", "content_type": 51}}, {"pk": 152, "model": "auth.permission", "fields": {"codename": "change_followobject", "name": "Can change follow object", "content_type": 51}}, {"pk": 153, "model": "auth.permission", "fields": {"codename": "delete_followobject", "name": "Can delete follow object", "content_type": 51}}, {"pk": 103, "model": "auth.permission", "fields": {"codename": "add_vote", "name": "Can add vote", "content_type": 35}}, {"pk": 104, "model": "auth.permission", "fields": {"codename": "change_vote", "name": "Can change vote", "content_type": 35}}, {"pk": 105, "model": "auth.permission", "fields": {"codename": "delete_vote", "name": "Can delete vote", "content_type": 35}}, {"pk": 13, "model": "auth.permission", "fields": {"codename": "add_contenttype", "name": "Can add content type", "content_type": 5}}, {"pk": 14, "model": "auth.permission", "fields": {"codename": "change_contenttype", "name": "Can change content type", "content_type": 5}}, {"pk": 15, "model": "auth.permission", "fields": {"codename": "delete_contenttype", "name": "Can delete content type", "content_type": 5}}, {"pk": 139, "model": "auth.permission", "fields": {"codename": "add_document", "name": "Can add document", "content_type": 47}}, {"pk": 140, "model": "auth.permission", "fields": {"codename": "change_document", "name": "Can change document", "content_type": 47}}, {"pk": 141, "model": "auth.permission", "fields": {"codename": "delete_document", "name": "Can delete document", "content_type": 47}}, {"pk": 25, "model": "auth.permission", "fields": {"codename": "add_flatpage", "name": "Can add flat page", "content_type": 9}}, {"pk": 26, "model": "auth.permission", "fields": {"codename": "change_flatpage", "name": "Can change flat page", "content_type": 9}}, {"pk": 27, "model": "auth.permission", "fields": {"codename": "delete_flatpage", "name": "Can delete flat page", "content_type": 9}}, {"pk": 124, "model": "auth.permission", "fields": {"codename": "add_help", "name": "Can add help", "content_type": 42}}, {"pk": 125, "model": "auth.permission", "fields": {"codename": "change_help", "name": "Can change help", "content_type": 42}}, {"pk": 126, "model": "auth.permission", "fields": {"codename": "delete_help", "name": "Can delete help", "content_type": 42}}, {"pk": 136, "model": "auth.permission", "fields": {"codename": "add_shownhelp", "name": "Can add shown help", "content_type": 46}}, {"pk": 137, "model": "auth.permission", "fields": {"codename": "change_shownhelp", "name": "Can change shown help", "content_type": 46}}, {"pk": 138, "model": "auth.permission", "fields": {"codename": "delete_shownhelp", "name": "Can delete shown help", "content_type": 46}}, {"pk": 184, "model": "auth.permission", "fields": {"codename": "add_classification", "name": "Can add classification", "content_type": 62}}, {"pk": 185, "model": "auth.permission", "fields": {"codename": "change_classification", "name": "Can change classification", "content_type": 62}}, {"pk": 186, "model": "auth.permission", "fields": {"codename": "delete_classification", "name": "Can delete classification", "content_type": 62}}, {"pk": 109, "model": "auth.permission", "fields": {"codename": "add_irsprivateletter", "name": "Can add irs private letter", "content_type": 37}}, {"pk": 110, "model": "auth.permission", "fields": {"codename": "change_irsprivateletter", "name": "Can change irs private letter", "content_type": 37}}, {"pk": 111, "model": "auth.permission", "fields": {"codename": "delete_irsprivateletter", "name": "Can delete irs private letter", "content_type": 37}}, {"pk": 100, "model": "auth.permission", "fields": {"codename": "add_irsrevenuerulings", "name": "Can add irs revenue rulings", "content_type": 34}}, {"pk": 101, "model": "auth.permission", "fields": {"codename": "change_irsrevenuerulings", "name": "Can change irs revenue rulings", "content_type": 34}}, {"pk": 102, "model": "auth.permission", "fields": {"codename": "delete_irsrevenuerulings", "name": "Can delete irs revenue rulings", "content_type": 34}}, {"pk": 181, "model": "auth.permission", "fields": {"codename": "add_publaw", "name": "Can add pub law", "content_type": 61}}, {"pk": 182, "model": "auth.permission", "fields": {"codename": "change_publaw", "name": "Can change pub law", "content_type": 61}}, {"pk": 183, "model": "auth.permission", "fields": {"codename": "delete_publaw", "name": "Can delete pub law", "content_type": 61}}, {"pk": 97, "model": "auth.permission", "fields": {"codename": "add_regulation", "name": "Can add regulation", "content_type": 33}}, {"pk": 98, "model": "auth.permission", "fields": {"codename": "change_regulation", "name": "Can change regulation", "content_type": 33}}, {"pk": 99, "model": "auth.permission", "fields": {"codename": "delete_regulation", "name": "Can delete regulation", "content_type": 33}}, {"pk": 40, "model": "auth.permission", "fields": {"codename": "add_section", "name": "Can add section", "content_type": 14}}, {"pk": 41, "model": "auth.permission", "fields": {"codename": "change_section", "name": "Can change section", "content_type": 14}}, {"pk": 42, "model": "auth.permission", "fields": {"codename": "delete_section", "name": "Can delete section", "content_type": 14}}, {"pk": 178, "model": "auth.permission", "fields": {"codename": "add_sectionadditional", "name": "Can add section additional", "content_type": 60}}, {"pk": 179, "model": "auth.permission", "fields": {"codename": "change_sectionadditional", "name": "Can change section additional", "content_type": 60}}, {"pk": 180, "model": "auth.permission", "fields": {"codename": "delete_sectionadditional", "name": "Can delete section additional", "content_type": 60}}, {"pk": 37, "model": "auth.permission", "fields": {"codename": "add_subsection", "name": "Can add subsection", "content_type": 13}}, {"pk": 38, "model": "auth.permission", "fields": {"codename": "change_subsection", "name": "Can change subsection", "content_type": 13}}, {"pk": 39, "model": "auth.permission", "fields": {"codename": "delete_subsection", "name": "Can delete subsection", "content_type": 13}}, {"pk": 34, "model": "auth.permission", "fields": {"codename": "add_title", "name": "Can add title", "content_type": 12}}, {"pk": 35, "model": "auth.permission", "fields": {"codename": "change_title", "name": "Can change title", "content_type": 12}}, {"pk": 36, "model": "auth.permission", "fields": {"codename": "delete_title", "name": "Can delete title", "content_type": 12}}, {"pk": 187, "model": "auth.permission", "fields": {"codename": "add_uscodehtml", "name": "Can add uscode html", "content_type": 63}}, {"pk": 188, "model": "auth.permission", "fields": {"codename": "change_uscodehtml", "name": "Can change uscode html", "content_type": 63}}, {"pk": 189, "model": "auth.permission", "fields": {"codename": "delete_uscodehtml", "name": "Can delete uscode html", "content_type": 63}}, {"pk": 193, "model": "auth.permission", "fields": {"codename": "add_usctopic", "name": "Can add usc topic", "content_type": 65}}, {"pk": 194, "model": "auth.permission", "fields": {"codename": "change_usctopic", "name": "Can change usc topic", "content_type": 65}}, {"pk": 195, "model": "auth.permission", "fields": {"codename": "delete_usctopic", "name": "Can delete usc topic", "content_type": 65}}, {"pk": 163, "model": "auth.permission", "fields": {"codename": "add_log", "name": "Can add log", "content_type": 55}}, {"pk": 164, "model": "auth.permission", "fields": {"codename": "change_log", "name": "Can change log", "content_type": 55}}, {"pk": 165, "model": "auth.permission", "fields": {"codename": "delete_log", "name": "Can delete log", "content_type": 55}}, {"pk": 79, "model": "auth.permission", "fields": {"codename": "add_news", "name": "Can add news", "content_type": 27}}, {"pk": 80, "model": "auth.permission", "fields": {"codename": "change_news", "name": "Can change news", "content_type": 27}}, {"pk": 81, "model": "auth.permission", "fields": {"codename": "delete_news", "name": "Can delete news", "content_type": 27}}, {"pk": 166, "model": "auth.permission", "fields": {"codename": "add_plugin", "name": "Can add plugin", "content_type": 56}}, {"pk": 167, "model": "auth.permission", "fields": {"codename": "change_plugin", "name": "Can change plugin", "content_type": 56}}, {"pk": 168, "model": "auth.permission", "fields": {"codename": "delete_plugin", "name": "Can delete plugin", "content_type": 56}}, {"pk": 169, "model": "auth.permission", "fields": {"codename": "add_plugincheckerinterval", "name": "Can add plugin checker interval", "content_type": 57}}, {"pk": 170, "model": "auth.permission", "fields": {"codename": "change_plugincheckerinterval", "name": "Can change plugin checker interval", "content_type": 57}}, {"pk": 171, "model": "auth.permission", "fields": {"codename": "delete_plugincheckerinterval", "name": "Can delete plugin checker interval", "content_type": 57}}, {"pk": 196, "model": "auth.permission", "fields": {"codename": "add_update", "name": "Can add update", "content_type": 66}}, {"pk": 197, "model": "auth.permission", "fields": {"codename": "change_update", "name": "Can change update", "content_type": 66}}, {"pk": 198, "model": "auth.permission", "fields": {"codename": "delete_update", "name": "Can delete update", "content_type": 66}}, {"pk": 142, "model": "auth.permission", "fields": {"codename": "add_externallink", "name": "Can add external link", "content_type": 48}}, {"pk": 143, "model": "auth.permission", "fields": {"codename": "change_externallink", "name": "Can change external link", "content_type": 48}}, {"pk": 144, "model": "auth.permission", "fields": {"codename": "delete_externallink", "name": "Can delete external link", "content_type": 48}}, {"pk": 94, "model": "auth.permission", "fields": {"codename": "add_post", "name": "Can add post", "content_type": 32}}, {"pk": 95, "model": "auth.permission", "fields": {"codename": "change_post", "name": "Can change post", "content_type": 32}}, {"pk": 96, "model": "auth.permission", "fields": {"codename": "delete_post", "name": "Can delete post", "content_type": 32}}, {"pk": 91, "model": "auth.permission", "fields": {"codename": "add_posttype", "name": "Can add post type", "content_type": 31}}, {"pk": 92, "model": "auth.permission", "fields": {"codename": "change_posttype", "name": "Can change post type", "content_type": 31}}, {"pk": 93, "model": "auth.permission", "fields": {"codename": "delete_posttype", "name": "Can delete post type", "content_type": 31}}, {"pk": 133, "model": "auth.permission", "fields": {"codename": "add_postvote", "name": "Can add post vote", "content_type": 45}}, {"pk": 134, "model": "auth.permission", "fields": {"codename": "change_postvote", "name": "Can change post vote", "content_type": 45}}, {"pk": 135, "model": "auth.permission", "fields": {"codename": "delete_postvote", "name": "Can delete post vote", "content_type": 45}}, {"pk": 121, "model": "auth.permission", "fields": {"codename": "add_rssfeed", "name": "Can add rss feed", "content_type": 41}}, {"pk": 122, "model": "auth.permission", "fields": {"codename": "change_rssfeed", "name": "Can change rss feed", "content_type": 41}}, {"pk": 123, "model": "auth.permission", "fields": {"codename": "delete_rssfeed", "name": "Can delete rss feed", "content_type": 41}}, {"pk": 16, "model": "auth.permission", "fields": {"codename": "add_session", "name": "Can add session", "content_type": 6}}, {"pk": 17, "model": "auth.permission", "fields": {"codename": "change_session", "name": "Can change session", "content_type": 6}}, {"pk": 18, "model": "auth.permission", "fields": {"codename": "delete_session", "name": "Can delete session", "content_type": 6}}, {"pk": 19, "model": "auth.permission", "fields": {"codename": "add_site", "name": "Can add site", "content_type": 7}}, {"pk": 20, "model": "auth.permission", "fields": {"codename": "change_site", "name": "Can change site", "content_type": 7}}, {"pk": 21, "model": "auth.permission", "fields": {"codename": "delete_site", "name": "Can delete site", "content_type": 7}}, {"pk": 157, "model": "auth.permission", "fields": {"codename": "add_link", "name": "Can add link", "content_type": 53}}, {"pk": 158, "model": "auth.permission", "fields": {"codename": "change_link", "name": "Can change link", "content_type": 53}}, {"pk": 159, "model": "auth.permission", "fields": {"codename": "delete_link", "name": "Can delete link", "content_type": 53}}, {"pk": 154, "model": "auth.permission", "fields": {"codename": "add_store", "name": "Can add store", "content_type": 52}}, {"pk": 155, "model": "auth.permission", "fields": {"codename": "change_store", "name": "Can change store", "content_type": 52}}, {"pk": 156, "model": "auth.permission", "fields": {"codename": "delete_store", "name": "Can delete store", "content_type": 52}}, {"pk": 28, "model": "auth.permission", "fields": {"codename": "add_tag", "name": "Can add tag", "content_type": 10}}, {"pk": 29, "model": "auth.permission", "fields": {"codename": "change_tag", "name": "Can change tag", "content_type": 10}}, {"pk": 30, "model": "auth.permission", "fields": {"codename": "delete_tag", "name": "Can delete tag", "content_type": 10}}, {"pk": 31, "model": "auth.permission", "fields": {"codename": "add_taggeditem", "name": "Can add tagged item", "content_type": 11}}, {"pk": 32, "model": "auth.permission", "fields": {"codename": "change_taggeditem", "name": "Can change tagged item", "content_type": 11}}, {"pk": 33, "model": "auth.permission", "fields": {"codename": "delete_taggeditem", "name": "Can delete tagged item", "content_type": 11}}, {"pk": 106, "model": "auth.permission", "fields": {"codename": "add_outdatedresource", "name": "Can add outdated resource", "content_type": 36}}, {"pk": 107, "model": "auth.permission", "fields": {"codename": "change_outdatedresource", "name": "Can change outdated resource", "content_type": 36}}, {"pk": 108, "model": "auth.permission", "fields": {"codename": "delete_outdatedresource", "name": "Can delete outdated resource", "content_type": 36}}, {"pk": 82, "model": "auth.permission", "fields": {"codename": "add_tag", "name": "Can add tag", "content_type": 28}}, {"pk": 83, "model": "auth.permission", "fields": {"codename": "change_tag", "name": "Can change tag", "content_type": 28}}, {"pk": 84, "model": "auth.permission", "fields": {"codename": "delete_tag", "name": "Can delete tag", "content_type": 28}}, {"pk": 85, "model": "auth.permission", "fields": {"codename": "add_taggeditem", "name": "Can add tagged item", "content_type": 29}}, {"pk": 86, "model": "auth.permission", "fields": {"codename": "change_taggeditem", "name": "Can change tagged item", "content_type": 29}}, {"pk": 87, "model": "auth.permission", "fields": {"codename": "delete_taggeditem", "name": "Can delete tagged item", "content_type": 29}}, {"pk": 115, "model": "auth.permission", "fields": {"codename": "add_activitydict", "name": "Can add activity dict", "content_type": 39}}, {"pk": 116, "model": "auth.permission", "fields": {"codename": "change_activitydict", "name": "Can change activity dict", "content_type": 39}}, {"pk": 117, "model": "auth.permission", "fields": {"codename": "delete_activitydict", "name": "Can delete activity dict", "content_type": 39}}, {"pk": 55, "model": "auth.permission", "fields": {"codename": "add_education", "name": "Can add education", "content_type": 19}}, {"pk": 56, "model": "auth.permission", "fields": {"codename": "change_education", "name": "Can change education", "content_type": 19}}, {"pk": 57, "model": "auth.permission", "fields": {"codename": "delete_education", "name": "Can delete education", "content_type": 19}}, {"pk": 70, "model": "auth.permission", "fields": {"codename": "add_emailconfirm", "name": "Can add email confirm", "content_type": 24}}, {"pk": 71, "model": "auth.permission", "fields": {"codename": "change_emailconfirm", "name": "Can change email confirm", "content_type": 24}}, {"pk": 72, "model": "auth.permission", "fields": {"codename": "delete_emailconfirm", "name": "Can delete email confirm", "content_type": 24}}, {"pk": 73, "model": "auth.permission", "fields": {"codename": "add_emailtemplate", "name": "Can add email template", "content_type": 25}}, {"pk": 74, "model": "auth.permission", "fields": {"codename": "change_emailtemplate", "name": "Can change email template", "content_type": 25}}, {"pk": 75, "model": "auth.permission", "fields": {"codename": "delete_emailtemplate", "name": "Can delete email template", "content_type": 25}}, {"pk": 118, "model": "auth.permission", "fields": {"codename": "add_history", "name": "Can add history", "content_type": 40}}, {"pk": 119, "model": "auth.permission", "fields": {"codename": "change_history", "name": "Can change history", "content_type": 40}}, {"pk": 120, "model": "auth.permission", "fields": {"codename": "delete_history", "name": "Can delete history", "content_type": 40}}, {"pk": 130, "model": "auth.permission", "fields": {"codename": "add_option", "name": "Can add option", "content_type": 44}}, {"pk": 131, "model": "auth.permission", "fields": {"codename": "change_option", "name": "Can change option", "content_type": 44}}, {"pk": 132, "model": "auth.permission", "fields": {"codename": "delete_option", "name": "Can delete option", "content_type": 44}}, {"pk": 52, "model": "auth.permission", "fields": {"codename": "add_position", "name": "Can add position", "content_type": 18}}, {"pk": 53, "model": "auth.permission", "fields": {"codename": "change_position", "name": "Can change position", "content_type": 18}}, {"pk": 54, "model": "auth.permission", "fields": {"codename": "delete_position", "name": "Can delete position", "content_type": 18}}, {"pk": 61, "model": "auth.permission", "fields": {"codename": "add_profile", "name": "Can add profile", "content_type": 21}}, {"pk": 62, "model": "auth.permission", "fields": {"codename": "change_profile", "name": "Can change profile", "content_type": 21}}, {"pk": 63, "model": "auth.permission", "fields": {"codename": "delete_profile", "name": "Can delete profile", "content_type": 21}}, {"pk": 112, "model": "auth.permission", "fields": {"codename": "add_restorepasswordlink", "name": "Can add restore password link", "content_type": 38}}, {"pk": 113, "model": "auth.permission", "fields": {"codename": "change_restorepasswordlink", "name": "Can change restore password link", "content_type": 38}}, {"pk": 114, "model": "auth.permission", "fields": {"codename": "delete_restorepasswordlink", "name": "Can delete restore password link", "content_type": 38}}, {"pk": 46, "model": "auth.permission", "fields": {"codename": "add_search", "name": "Can add search", "content_type": 16}}, {"pk": 47, "model": "auth.permission", "fields": {"codename": "change_search", "name": "Can change search", "content_type": 16}}, {"pk": 48, "model": "auth.permission", "fields": {"codename": "delete_search", "name": "Can delete search", "content_type": 16}}, {"pk": 67, "model": "auth.permission", "fields": {"codename": "add_tmptoken", "name": "Can add tmp token", "content_type": 23}}, {"pk": 68, "model": "auth.permission", "fields": {"codename": "change_tmptoken", "name": "Can change tmp token", "content_type": 23}}, {"pk": 69, "model": "auth.permission", "fields": {"codename": "delete_tmptoken", "name": "Can delete tmp token", "content_type": 23}}, {"pk": 190, "model": "auth.permission", "fields": {"codename": "add_usersubsection", "name": "Can add user subsection", "content_type": 64}}, {"pk": 191, "model": "auth.permission", "fields": {"codename": "change_usersubsection", "name": "Can change user subsection", "content_type": 64}}, {"pk": 192, "model": "auth.permission", "fields": {"codename": "delete_usersubsection", "name": "Can delete user subsection", "content_type": 64}}, {"pk": 39, "model": "auth.user", "fields": {"username": "webii2@yandex.ru", "first_name": "123123", "last_name": "123123", "is_active": true, "is_superuser": false, "is_staff": false, "last_login": "2011-04-02 13:49:49", "groups": [], "user_permissions": [], "password": "sha1$829ee$e04cc986cb3966efe1e376518d31fb4236bbce2a", "email": "webii2@yandex.ru", "date_joined": "2011-04-02 13:49:22"}}, {"pk": 38, "model": "auth.user", "fields": {"username": "webii@yandex.ru", "first_name": "123123", "last_name": "123123", "is_active": true, "is_superuser": false, "is_staff": false, "last_login": "2011-08-10 21:55:44", "groups": [], "user_permissions": [], "password": "sha1$d5849$543772d97d5e53c36aff45217f3de1708305afc3", "email": "webii@yandex.ru", "date_joined": "2011-03-21 16:48:27"}}, {"pk": 1, "model": "auth.user", "fields": {"username": "serge", "first_name": "", "last_name": "", "is_active": true, "is_superuser": true, "is_staff": true, "last_login": "2011-12-08 07:52:05", "groups": [], "user_permissions": [], "password": "sha1$011a7$10ec59380eaa3e5379db960633e82a3df0dcc157", "email": "userge@list.ru", "date_joined": "2011-01-28 19:16:14"}}, {"pk": 40, "model": "auth.user", "fields": {"username": "Anonymous", "first_name": "Anonymous", "last_name": "", "is_active": true, "is_superuser": false, "is_staff": false, "last_login": "2011-05-24 04:24:08", "groups": [], "user_permissions": [], "password": "sha1$b1e49$79705464ec58c755f27dd2af28d9095e4bbe0d43", "email": "", "date_joined": "2011-05-24 04:24:08"}}, {"pk": 279, "model": "users.search", "fields": {"text": "26 usc 1", "user": 40, "publication_date": "2011-12-03 06:01:44"}}, {"pk": 278, "model": "users.search", "fields": {"text": "tax imposed", "user": 1, "publication_date": "2011-10-07 20:19:46"}}, {"pk": 276, "model": "users.search", "fields": {"text": "tax", "user": 40, "publication_date": "2011-10-05 20:18:38"}}, {"pk": 275, "model": "users.search", "fields": {"text": "tax evasion", "user": 40, "publication_date": "2011-10-05 19:17:28"}}, {"pk": 261, "model": "users.search", "fields": {"text": "Internal Revenue Code./1274(d)", "user": 1, "publication_date": "2011-10-02 18:33:05"}}, {"pk": 260, "model": "users.search", "fields": {"text": "Internal Revenue Code of 1954/106", "user": 1, "publication_date": "2011-10-02 18:31:34"}}, {"pk": 259, "model": "users.search", "fields": {"text": "123", "user": 40, "publication_date": "2011-08-20 02:08:49"}}, {"pk": 245, "model": "users.search", "fields": {"text": "test 123", "user": 40, "publication_date": "2011-08-20 02:01:12"}}, {"pk": 244, "model": "users.search", "fields": {"text": "test", "user": 40, "publication_date": "2011-08-20 02:01:07"}}, {"pk": 202, "model": "users.search", "fields": {"text": "ss", "user": 40, "publication_date": "2011-08-17 18:01:07"}}, {"pk": 200, "model": "users.search", "fields": {"text": " test", "user": 40, "publication_date": "2011-08-17 18:00:58"}}, {"pk": 199, "model": "users.search", "fields": {"text": " ", "user": 40, "publication_date": "2011-08-17 18:00:55"}}, {"pk": 197, "model": "users.search", "fields": {"text": "s", "user": 40, "publication_date": "2011-08-17 18:00:17"}}, {"pk": 196, "model": "users.search", "fields": {"text": "Export Administration Act of 1979", "user": 40, "publication_date": "2011-08-09 16:51:21"}}, {"pk": 194, "model": "users.search", "fields": {"text": "WFTRA2004-39", "user": 40, "publication_date": "2011-08-07 17:20:38"}}, {"pk": 192, "model": "users.search", "fields": {"text": "asdfaw4 rq34", "user": 40, "publication_date": "2011-08-07 17:19:34"}}, {"pk": 189, "model": "users.search", "fields": {"text": "SSA-19", "user": 40, "publication_date": "2011-08-07 17:15:28"}}, {"pk": 187, "model": "users.search", "fields": {"text": "78o-7", "user": 1, "publication_date": "2011-07-16 15:09:45"}}, {"pk": 186, "model": "users.search", "fields": {"text": "test", "user": 1, "publication_date": "2011-07-16 15:08:31"}}, {"pk": 181, "model": "users.search", "fields": {"text": "sd", "user": 1, "publication_date": "2011-07-16 15:08:18"}}, {"pk": 180, "model": "users.search", "fields": {"text": "ss", "user": 38, "publication_date": "2011-06-06 11:58:01"}}, {"pk": 179, "model": "users.search", "fields": {"text": "test", "user": 38, "publication_date": "2011-06-06 11:52:18"}}, {"pk": 140, "model": "users.search", "fields": {"text": "     ", "user": 38, "publication_date": "2011-04-15 17:33:21"}}, {"pk": 139, "model": "users.search", "fields": {"text": "    ", "user": 38, "publication_date": "2011-04-15 17:33:19"}}, {"pk": 137, "model": "users.search", "fields": {"text": " ", "user": 38, "publication_date": "2011-04-15 17:33:14"}}, {"pk": 134, "model": "users.search", "fields": {"text": "tax", "user": 38, "publication_date": "2011-04-14 19:30:16"}}, {"pk": 129, "model": "users.search", "fields": {"text": "section", "user": 38, "publication_date": "2011-04-14 19:29:19"}}, {"pk": 124, "model": "users.search", "fields": {"text": "test123123", "user": 38, "publication_date": "2011-04-14 19:21:14"}}, {"pk": 93, "model": "users.search", "fields": {"text": "Search...", "user": 38, "publication_date": "2011-03-30 16:44:41"}}, {"pk": 90, "model": "users.search", "fields": {"text": "12", "user": 38, "publication_date": "2011-03-26 16:04:03"}}, {"pk": 89, "model": "users.search", "fields": {"text": "22", "user": 38, "publication_date": "2011-03-26 15:56:33"}}, {"pk": 1, "model": "users.position", "fields": {"end_date": null, "title": "Developer", "company": "Tabulaw, Inc.", "company_type": null, "summary": "Test Test Test Test Test Test Test Test Test Test Test Test Test Test Test Test Test Test Test Test Test Test Test Test Test Test Test Test Test Test Test Test Test Test Test Test Test Test Test Test Test Test Test Test Test Test Test Test Test Test Test Test Test Test Test Test Test Test Test Test Test Test Test Test Test Test Test Test Test Test Test Test Test Test Test Test Test Test Test Test Test Test Test Test Test Test Test Test Test Test Test Test Test Test Test Test Test Test Test Test Test Test Test Test Test Test Test Test Test Test Test Test Test Test Test Test Test Test Test Test Test Test Test Test Test Test Test Test Test Test Test Test Test Test Test Test Test Test Test Test Test Test Test Test Test Test Test Test Test Test Test Test Test Test Test Test Test Test Test Test Test Test Test Test Test Test Test Test Test Test Test Test Test Test Test Test Test Test Test Test Test Test Test Test Test Test Test Test Test Test Test Test Test Test Test Test Test Test Test Test Test Test Test Test Test Test Test Test Test Test Test Test Test Test Test Test Test Test Test Test Test Test Test Test Test Test Test Test Test Test Test Test Test Test Test Test Test Test Test Test Test Test Test Test Test Test Test Test Test Test Test Test Test Test Test Test Test Test Test Test Test Test Test Test Test Test Test Test Test Test Test Test Test Test Test Test Test Test Test Test Test Test Test Test Test Test Test Test Test Test Test Test Test Test Test Test Test Test Test Test Test Test Test Test Test Test Test Test Test Test Test Test Test Test Test Test Test Test Test Test Test Test Test Test Test Test Test Test Test Test Test Test Test Test Test Test Test Test Test Test Test Test Test Test Test Test Test Test Test Test Test Test Test Test Test Test Test Test Test Test Test Test Test Test Test Test Test Test Test Test Test Test Test Test Test Test Test Test Test Test Test Test Test Test Test Test Test Test Test Test Test Test Test Test Tes333333333333333333333333312", "company_industry": "Information Services", "company_ticker": null, "start_date": "2011-01-01", "company_size": null}}, {"pk": 2, "model": "users.position", "fields": {"end_date": null, "title": "Owner", "company": "Jp-Net Group", "company_type": null, "summary": "SEO, web research projects.\ntest test test test test test test test test test test test test test test test test test test test test test test test test test test test test test test test test test test test test test test test test test test test test test test test test test test test test test test test test test test test test test tst test test test test test test test test test test test test test test test test test test test test test test test test test test test test test test test test test test test test test test test test test test test test test test test test test test test test test test test test test test test test test test test test test test test test test test test test test test test test test test test test test test test test test test test test test test test test test test test test test test test test test test test test test test test test test test test test test test test test test test test test test test test test test test test test test test test test test test test test test test test test test test test test test test test test test test test test test test test test test test test test test test test test test test test test test test test test test test test test test test test test test test test test test test test test test test test test test test test test test test test test test test test test test test test test test test test test test test test test test test test test test test test test test test test test test test test test test test test test test test test test test test test test test test test test test test test test test test test test test test test test test test test test test test test test test test test test test test test test test test test test test test test test test test test test test test test test test test test test test test test test test test test test test test test test test test test test test test test test test test test test test test test test test test test test test test test te", "company_industry": "Internet", "company_ticker": null, "start_date": "2004-01-01", "company_size": null}}, {"pk": 3, "model": "users.position", "fields": {"end_date": "2010-01-01", "title": "Django Developer", "company": "Appworks Inc", "company_type": null, "summary": "dddddddddd dddddddddd dddddddddd dddddddddd dddddddddd dddddddddd dddddddddd dddddddddd dddddddddd dddddddddd dddddddddd dddddddddd dddddddddd dddddddddd dddddddddd dddddddddd dddddddddd dddddddddd dddddddddd dddddddddd dddddddddd dddddddddd dddddddddd dddddddddd dddddddddd dddddddddd dddddddddd dddddddddd dddddddddd dddddddddd dddddddddd dddddddddd dddddddddd dddddddddd dddddddddd dddddddddd dddddddddd dddddddddd dddddddddd dddddddddd dddddddddd dddddddddd dddddddddd dddddddddd dddddddddd dddddddddd dddddddddd dddddddddd dddddddddd dddddddddd dddddddddd dddddddddd dddddddddd dddddddddd dddddddddd dddddddddd dddddddddd dddddddddd dddddddddd dddddddddd dddddddddd dddddddddd dddddddddd dddddddddd dddddddddd dddddddddd dddddddddd dddddddddd dddddddddd dddddddddd dddddddddd dddddddddd dddddddddd dddddddddd dddddddddd\ndddddddddd dddddddddd dddddddddd dddddddddd dddddddddd dddddddddd dddddddddd dddddddddd dddddddddd dddddddddd dddddddddd dddddddddd dddddddddd dddddddddd dddddddddd dddddddddd dddddddddd dddddddddd dddddddddd dddddddddd dddddddddd dddddddddd dddddddddd dddddddddd dddddddddd dddddddddd dddddddddd dddddddddd dddddddddd dddddddddd dddddddddd dddddddddd dddddddddd dddddddddd dddddddddd dddddddddd dddddddddd dddddddddd dddddddddd dddddddddd dddddddddd dddddddddd dddddddddd dddddddddd dddddddddd dddddddddd dddddddddd dddddddddd dddddddddd dddddddddd dddddddddd dddddddddd dddddddddd dddddddddd dddddddddd dddddddddd dddddddddd dddddddddd dddddddddd dddddddddd dddddddddd dddddddddd dddddddddd dddddddddd dddddddddd dddddddddd dddddddddd dddddddddd dddddddddd dddddddddd dddddddddd dddddddddd dddddddddd dddddddddd dddddddddd dddddddddd dddddddddd dddddddddd dddddddddd dddddddddd dddddddddd dddddddddd dddddddddd dddddddddd dddddddddd dddddddddd dddddddddd dddddddddd dddddddddd dddddddddd dddddddddd dddddddddd dddddddddd dddddddddd dddddddddd dddddddddd dddddddddd dddddddddd dddddddddd dddddddddd dddddddddd dddddddddd dddddddddd dddddddddd dddddddddd", "company_industry": "Internet", "company_ticker": null, "start_date": "2010-01-01", "company_size": null}}, {"pk": 4, "model": "users.position", "fields": {"end_date": "2006-01-01", "title": "Deputy Division Chief", "company": "Wenses", "company_type": null, "summary": "Software development for Oil industry.", "company_industry": "Information Technology and Services", "company_ticker": null, "start_date": "2001-01-01", "company_size": null}}, {"pk": 5, "model": "users.position", "fields": {"end_date": null, "title": "Developer", "company": "Tabulaw, Inc.", "company_type": null, "summary": "Test Test Test Test Test Test Test Test Test Test Test Test Test Test Test Test Test Test Test Test Test Test Test Test Test Test Test Test Test Test Test Test Test Test Test Test Test Test Test Test Test Test Test Test Test Test Test Test Test Test Test Test Test Test Test Test Test Test Test Test Test Test Test Test Test Test Test Test Test Test Test Test Test Test Test Test Test Test Test Test Test Test Test Test Test Test Test Test Test Test Test Test Test Test Test Test Test Test Test Test Test Test Test Test Test Test Test Test Test Test Test Test Test Test Test Test Test Test Test Test Test Test Test Test Test Test Test Test Test Test Test Test Test Test Test Test Test Test Test Test Test Test Test Test Test Test Test Test Test Test Test Test Test Test Test Test Test Test Test Test Test Test Test Test Test Test Test Test Test Test Test Test Test Test Test Test Test Test Test Test Test Test Test Test Test Test Test Test Test Test Test Test Test Test Test Test Test Test Test Test Test Test Test Test Test Test Test Test Test Test Test Test Test Test Test Test Test Test Test Test Test Test Test Test Test Test Test Test Test Test Test Test Test Test Test Test Test Test Test Test Test Test Test Test Test Test Test Test Test Test Test Test Test Test Test Test Test Test Test Test Test Test Test Test Test Test Test Test Test Test Test Test Test Test Test Test Test Test Test Test Test Test Test Test Test Test Test Test Test Test Test Test Test Test Test Test Test Test Test Test Test Test Test Test Test Test Test Test Test Test Test Test Test Test Test Test Test Test Test Test Test Test Test Test Test Test Test Test Test Test Test Test Test Test Test Test Test Test Test Test Test Test Test Test Test Test Test Test Test Test Test Test Test Test Test Test Test Test Test Test Test Test Test Test Test Test Test Test Test Test Test Test Test Test Test Test Test Test Test Test Test Test Test Test Test Test Test Test Test Test Test Test Test Test Tes333333333333333333333333312", "company_industry": "Information Services", "company_ticker": null, "start_date": "2011-01-01", "company_size": null}}, {"pk": 6, "model": "users.position", "fields": {"end_date": null, "title": "Owner", "company": "Jp-Net Group", "company_type": null, "summary": "SEO, web research projects.\ntest test test test test test test test test test test test test test test test test test test test test test test test test test test test test test test test test test test test test test test test test test test test test test test test test test test test test test test test test test test test test test tst test test test test test test test test test test test test test test test test test test test test test test test test test test test test test test test test test test test test test test test test test test test test test test test test test test test test test test test test test test test test test test test test test test test test test test test test test test test test test test test test test test test test test test test test test test test test test test test test test test test test test test test test test test test test test test test test test test test test test test test test test test test test test test test test test test test test test test test test test test test test test test test test test test test test test test test test test test test test test test test test test test test test test test test test test test test test test test test test test test test test test test test test test test test test test test test test test test test test test test test test test test test test test test test test test test test test test test test test test test test test test test test test test test test test test test test test test test test test test test test test test test test test test test test test test test test test test test test test test test test test test test test test test test test test test test test test test test test test test test test test test test test test test test test test test test test test test test test test test test test test test test test test test test test test test test test test test test test test test test test test test test test test test test test test test test test te", "company_industry": "Internet", "company_ticker": null, "start_date": "2004-01-01", "company_size": null}}, {"pk": 7, "model": "users.position", "fields": {"end_date": "2010-01-01", "title": "Django Developer", "company": "Appworks Inc", "company_type": null, "summary": "dddddddddd dddddddddd dddddddddd dddddddddd dddddddddd dddddddddd dddddddddd dddddddddd dddddddddd dddddddddd dddddddddd dddddddddd dddddddddd dddddddddd dddddddddd dddddddddd dddddddddd dddddddddd dddddddddd dddddddddd dddddddddd dddddddddd dddddddddd dddddddddd dddddddddd dddddddddd dddddddddd dddddddddd dddddddddd dddddddddd dddddddddd dddddddddd dddddddddd dddddddddd dddddddddd dddddddddd dddddddddd dddddddddd dddddddddd dddddddddd dddddddddd dddddddddd dddddddddd dddddddddd dddddddddd dddddddddd dddddddddd dddddddddd dddddddddd dddddddddd dddddddddd dddddddddd dddddddddd dddddddddd dddddddddd dddddddddd dddddddddd dddddddddd dddddddddd dddddddddd dddddddddd dddddddddd dddddddddd dddddddddd dddddddddd dddddddddd dddddddddd dddddddddd dddddddddd dddddddddd dddddddddd dddddddddd dddddddddd dddddddddd dddddddddd\ndddddddddd dddddddddd dddddddddd dddddddddd dddddddddd dddddddddd dddddddddd dddddddddd dddddddddd dddddddddd dddddddddd dddddddddd dddddddddd dddddddddd dddddddddd dddddddddd dddddddddd dddddddddd dddddddddd dddddddddd dddddddddd dddddddddd dddddddddd dddddddddd dddddddddd dddddddddd dddddddddd dddddddddd dddddddddd dddddddddd dddddddddd dddddddddd dddddddddd dddddddddd dddddddddd dddddddddd dddddddddd dddddddddd dddddddddd dddddddddd dddddddddd dddddddddd dddddddddd dddddddddd dddddddddd dddddddddd dddddddddd dddddddddd dddddddddd dddddddddd dddddddddd dddddddddd dddddddddd dddddddddd dddddddddd dddddddddd dddddddddd dddddddddd dddddddddd dddddddddd dddddddddd dddddddddd dddddddddd dddddddddd dddddddddd dddddddddd dddddddddd dddddddddd dddddddddd dddddddddd dddddddddd dddddddddd dddddddddd dddddddddd dddddddddd dddddddddd dddddddddd dddddddddd dddddddddd dddddddddd dddddddddd dddddddddd dddddddddd dddddddddd dddddddddd dddddddddd dddddddddd dddddddddd dddddddddd dddddddddd dddddddddd dddddddddd dddddddddd dddddddddd dddddddddd dddddddddd dddddddddd dddddddddd dddddddddd dddddddddd dddddddddd dddddddddd dddddddddd dddddddddd dddddddddd", "company_industry": "Internet", "company_ticker": null, "start_date": "2010-01-01", "company_size": null}}, {"pk": 8, "model": "users.position", "fields": {"end_date": "2006-01-01", "title": "Deputy Division Chief", "company": "Wenses", "company_type": null, "summary": "Software development for Oil industry.", "company_industry": "Information Technology and Services", "company_ticker": null, "start_date": "2001-01-01", "company_size": null}}, {"pk": 9, "model": "users.position", "fields": {"end_date": null, "title": "Developer", "company": "Tabulaw, Inc.", "company_type": null, "summary": "Test Test Test Test Test Test Test Test Test Test Test Test Test Test Test Test Test Test Test Test Test Test Test Test Test Test Test Test Test Test Test Test Test Test Test Test Test Test Test Test Test Test Test Test Test Test Test Test Test Test Test Test Test Test Test Test Test Test Test Test Test Test Test Test Test Test Test Test Test Test Test Test Test Test Test Test Test Test Test Test Test Test Test Test Test Test Test Test Test Test Test Test Test Test Test Test Test Test Test Test Test Test Test Test Test Test Test Test Test Test Test Test Test Test Test Test Test Test Test Test Test Test Test Test Test Test Test Test Test Test Test Test Test Test Test Test Test Test Test Test Test Test Test Test Test Test Test Test Test Test Test Test Test Test Test Test Test Test Test Test Test Test Test Test Test Test Test Test Test Test Test Test Test Test Test Test Test Test Test Test Test Test Test Test Test Test Test Test Test Test Test Test Test Test Test Test Test Test Test Test Test Test Test Test Test Test Test Test Test Test Test Test Test Test Test Test Test Test Test Test Test Test Test Test Test Test Test Test Test Test Test Test Test Test Test Test Test Test Test Test Test Test Test Test Test Test Test Test Test Test Test Test Test Test Test Test Test Test Test Test Test Test Test Test Test Test Test Test Test Test Test Test Test Test Test Test Test Test Test Test Test Test Test Test Test Test Test Test Test Test Test Test Test Test Test Test Test Test Test Test Test Test Test Test Test Test Test Test Test Test Test Test Test Test Test Test Test Test Test Test Test Test Test Test Test Test Test Test Test Test Test Test Test Test Test Test Test Test Test Test Test Test Test Test Test Test Test Test Test Test Test Test Test Test Test Test Test Test Test Test Test Test Test Test Test Test Test Test Test Test Test Test Test Test Test Test Test Test Test Test Test Test Test Test Test Test Test Test Test Test Test Test Test Test Tes333333333333333333333333312", "company_industry": "Information Services", "company_ticker": null, "start_date": "2011-01-01", "company_size": null}}, {"pk": 10, "model": "users.position", "fields": {"end_date": null, "title": "Owner", "company": "Jp-Net Group", "company_type": null, "summary": "SEO, web research projects.\ntest test test test test test test test test test test test test test test test test test test test test test test test test test test test test test test test test test test test test test test test test test test test test test test test test test test test test test test test test test test test test test tst test test test test test test test test test test test test test test test test test test test test test test test test test test test test test test test test test test test test test test test test test test test test test test test test test test test test test test test test test test test test test test test test test test test test test test test test test test test test test test test test test test test test test test test test test test test test test test test test test test test test test test test test test test test test test test test test test test test test test test test test test test test test test test test test test test test test test test test test test test test test test test test test test test test test test test test test test test test test test test test test test test test test test test test test test test test test test test test test test test test test test test test test test test test test test test test test test test test test test test test test test test test test test test test test test test test test test test test test test test test test test test test test test test test test test test test test test test test test test test test test test test test test test test test test test test test test test test test test test test test test test test test test test test test test test test test test test test test test test test test test test test test test test test test test test test test test test test test test test test test test test test test test test test test test test test test test test test test test test test test test test test test test test test test test test test test te", "company_industry": "Internet", "company_ticker": null, "start_date": "2004-01-01", "company_size": null}}, {"pk": 11, "model": "users.position", "fields": {"end_date": "2010-01-01", "title": "Django Developer", "company": "Appworks Inc", "company_type": null, "summary": "dddddddddd dddddddddd dddddddddd dddddddddd dddddddddd dddddddddd dddddddddd dddddddddd dddddddddd dddddddddd dddddddddd dddddddddd dddddddddd dddddddddd dddddddddd dddddddddd dddddddddd dddddddddd dddddddddd dddddddddd dddddddddd dddddddddd dddddddddd dddddddddd dddddddddd dddddddddd dddddddddd dddddddddd dddddddddd dddddddddd dddddddddd dddddddddd dddddddddd dddddddddd dddddddddd dddddddddd dddddddddd dddddddddd dddddddddd dddddddddd dddddddddd dddddddddd dddddddddd dddddddddd dddddddddd dddddddddd dddddddddd dddddddddd dddddddddd dddddddddd dddddddddd dddddddddd dddddddddd dddddddddd dddddddddd dddddddddd dddddddddd dddddddddd dddddddddd dddddddddd dddddddddd dddddddddd dddddddddd dddddddddd dddddddddd dddddddddd dddddddddd dddddddddd dddddddddd dddddddddd dddddddddd dddddddddd dddddddddd dddddddddd dddddddddd\ndddddddddd dddddddddd dddddddddd dddddddddd dddddddddd dddddddddd dddddddddd dddddddddd dddddddddd dddddddddd dddddddddd dddddddddd dddddddddd dddddddddd dddddddddd dddddddddd dddddddddd dddddddddd dddddddddd dddddddddd dddddddddd dddddddddd dddddddddd dddddddddd dddddddddd dddddddddd dddddddddd dddddddddd dddddddddd dddddddddd dddddddddd dddddddddd dddddddddd dddddddddd dddddddddd dddddddddd dddddddddd dddddddddd dddddddddd dddddddddd dddddddddd dddddddddd dddddddddd dddddddddd dddddddddd dddddddddd dddddddddd dddddddddd dddddddddd dddddddddd dddddddddd dddddddddd dddddddddd dddddddddd dddddddddd dddddddddd dddddddddd dddddddddd dddddddddd dddddddddd dddddddddd dddddddddd dddddddddd dddddddddd dddddddddd dddddddddd dddddddddd dddddddddd dddddddddd dddddddddd dddddddddd dddddddddd dddddddddd dddddddddd dddddddddd dddddddddd dddddddddd dddddddddd dddddddddd dddddddddd dddddddddd dddddddddd dddddddddd dddddddddd dddddddddd dddddddddd dddddddddd dddddddddd dddddddddd dddddddddd dddddddddd dddddddddd dddddddddd dddddddddd dddddddddd dddddddddd dddddddddd dddddddddd dddddddddd dddddddddd dddddddddd dddddddddd dddddddddd dddddddddd dddddddddd", "company_industry": "Internet", "company_ticker": null, "start_date": "2010-01-01", "company_size": null}}, {"pk": 12, "model": "users.position", "fields": {"end_date": "2006-01-01", "title": "Deputy Division Chief", "company": "Wenses", "company_type": null, "summary": "Software development for Oil industry.", "company_industry": "Information Technology and Services", "company_ticker": null, "start_date": "2001-01-01", "company_size": null}}, {"pk": 49, "model": "users.position", "fields": {"end_date": null, "title": "Developer", "company": "Tabulaw, Inc.", "company_type": null, "summary": null, "company_industry": "Information Services", "company_ticker": null, "start_date": "2011-01-01", "company_size": null}}, {"pk": 50, "model": "users.position", "fields": {"end_date": null, "title": "Owner", "company": "Jp-Net Group", "company_type": null, "summary": "SEO, web research projects.", "company_industry": "Internet", "company_ticker": null, "start_date": "2004-01-01", "company_size": null}}, {"pk": 51, "model": "users.position", "fields": {"end_date": "2010-01-01", "title": "Django Developer", "company": "Appworks Inc", "company_type": null, "summary": null, "company_industry": "Internet", "company_ticker": null, "start_date": "2010-01-01", "company_size": null}}, {"pk": 52, "model": "users.position", "fields": {"end_date": "2006-01-01", "title": "Deputy Division Chief", "company": "Wenses", "company_type": null, "summary": "Software development for Oil industry.", "company_industry": "Information Technology and Services", "company_ticker": null, "start_date": "2001-01-01", "company_size": null}}, {"pk": 53, "model": "users.position", "fields": {"end_date": "", "title": "Rss", "company": "", "company_type": "", "summary": "", "company_industry": "", "company_ticker": "", "start_date": "", "company_size": ""}}, {"pk": 62, "model": "users.position", "fields": {"end_date": null, "title": "Developer", "company": "Tabulaw, Inc.", "company_type": null, "summary": null, "company_industry": "Information Services", "company_ticker": null, "start_date": "2011-01-01", "company_size": null}}, {"pk": 63, "model": "users.position", "fields": {"end_date": null, "title": "Owner", "company": "Jp-Net Group", "company_type": null, "summary": "SEO, web research projects.", "company_industry": "Internet", "company_ticker": null, "start_date": "2004-01-01", "company_size": null}}, {"pk": 64, "model": "users.position", "fields": {"end_date": "2010-01-01", "title": "Django Developer", "company": "Appworks Inc", "company_type": null, "summary": null, "company_industry": "Internet", "company_ticker": null, "start_date": "2010-01-01", "company_size": null}}, {"pk": 65, "model": "users.position", "fields": {"end_date": "2006-01-01", "title": "Deputy Division Chief", "company": "Wenses", "company_type": null, "summary": "Software development for Oil industry.", "company_industry": "Information Technology and Services", "company_ticker": null, "start_date": "2001-01-01", "company_size": null}}, {"pk": 1, "model": "users.education", "fields": {"activities": null, "end_date": "2004-01-01", "degree": "Specialist", "field_of_study": null, "notes": null, "school_name": "Samarskij Gosudarstvennyj Arhitekturno-Stroitel'nyj Universitet", "start_date": "1998-01-01"}}, {"pk": 2, "model": "users.education", "fields": {"activities": null, "end_date": "2004-01-01", "degree": "Specialist", "field_of_study": null, "notes": null, "school_name": "Samarskij Gosudarstvennyj Arhitekturno-Stroitel'nyj Universitet", "start_date": "1998-01-01"}}, {"pk": 3, "model": "users.education", "fields": {"activities": null, "end_date": "2004-01-01", "degree": "Specialist", "field_of_study": null, "notes": null, "school_name": "Samarskij Gosudarstvennyj Arhitekturno-Stroitel'nyj Universitet", "start_date": "1998-01-01"}}, {"pk": 13, "model": "users.education", "fields": {"activities": null, "end_date": "2004-01-01", "degree": "Specialist", "field_of_study": null, "notes": null, "school_name": "Samarskij Gosudarstvennyj Arhitekturno-Stroitel'nyj Universitet", "start_date": "1998-01-01"}}, {"pk": 14, "model": "users.education", "fields": {"activities": "", "end_date": "", "degree": "", "field_of_study": "", "notes": "", "school_name": "None", "start_date": ""}}, {"pk": 17, "model": "users.education", "fields": {"activities": null, "end_date": "2004-01-01", "degree": "Specialist", "field_of_study": null, "notes": null, "school_name": "Samarskij Gosudarstvennyj Arhitekturno-Stroitel'nyj Universitet", "start_date": "1998-01-01"}}, {"pk": 20, "model": "users.profile", "fields": {"interests": "", "specialties": "", "linkedin_id": "", "position": [], "headline": "", "industry": "", "current_status": null, "summary": "", "rate": 4, "public_profile": "", "location": "", "picter": "", "email_active": false, "education": [], "honors": "", "user": 39}}, {"pk": 21, "model": "users.profile", "fields": {"interests": "", "specialties": "", "linkedin_id": "", "position": [], "headline": "", "industry": "", "current_status": "", "summary": "", "rate": 7, "public_profile": "none", "location": "", "picter": "", "email_active": false, "education": [], "honors": "", "user": 40}}, {"pk": 19, "model": "users.profile", "fields": {"interests": "web development, seo", "specialties": "Django, python, postgresql.", "linkedin_id": "u5SdmrgBbm", "position": [62, 63, 64, 65], "headline": "at Tabulaw, Inc.", "industry": "Internet", "current_status": null, "summary": "Web-development. SEO.", "rate": 159, "public_profile": "http://www.linkedin.com/pub/sergey-ulitin/29/b61/b88", "location": "Russian Federation", "picter": "http://media.linkedin.com/mpr/mprx/0_mLnj-0Wa0Nndcr6KhCba-yIl0KtLRPBK2bCC-gZlhvQzXc8rGiQAyj2xAO-VZNny76NijVQHMKnE", "email_active": false, "education": [17], "honors": "Test Test Test Test Test Test Test Test Test Test Test Test Test Test Test Test Test Test Test Test Test Test Test Test Test Test Test Test Test Test Test Test Test Test Test Test Test Test Test Test Test Test Test Test Test Test Test Test Test Test Test Test Test Test Test Test Test Test Test Test Test Test Test Test Test Test Test Test Test Test Test Test Test Test Test Test Test Test Test Test Test Test Test Test Test Test Test Test Test Test Test Test Test Test Test Test Test Test Test Test Test Test Test Test Test Test Test Test Test Test Test Test Test Test Test Test Test Test Test Test Test Test Test Test Test Test Test Test Test Test Test Test Test Test Test Test Test Test Test Test Test Test Test Test Test Test Test Test Test Test Test Test Test Test Test Test Test Test Test Test Test Test Test Test Test Test Test Test Test Test Test Test Test Test Test Test Test Test Test Test Test Test Test Test Test Test Test Test Test Test Test Test Test Test Test Test Test Test Test Test", "user": 38}}, {"pk": 1, "model": "users.option", "fields": {"publication_date": "2011-03-21 19:22:46", "bvalue": false, "user": 38, "value": null, "name": "linkedin_connect"}}, {"pk": 2, "model": "users.option", "fields": {"publication_date": "2011-03-21 19:28:34", "bvalue": true, "user": 38, "value": null, "name": "display_help_bubbles"}}, {"pk": 4, "model": "users.option", "fields": {"publication_date": "2011-04-02 13:44:54", "bvalue": true, "user": 39, "value": null, "name": "display_help_bubbles"}}, {"pk": 3, "model": "users.option", "fields": {"publication_date": "2011-04-02 13:44:54", "bvalue": true, "user": 39, "value": null, "name": "linkedin_connect"}}, {"pk": 6, "model": "users.option", "fields": {"publication_date": "2011-05-24 04:25:15", "bvalue": true, "user": 40, "value": null, "name": "display_help_bubbles"}}, {"pk": 5, "model": "users.option", "fields": {"publication_date": "2011-05-24 04:25:15", "bvalue": true, "user": 40, "value": null, "name": "linkedin_connect"}}, {"pk": 1, "model": "users.tmptoken", "fields": {"token": "d510c280-e0c8-47c4-b98b-c5af55f50caa", "request_type": 1, "token_secret": "7427ea97-5339-4dd3-a900-f56cbe58acfe"}}, {"pk": 2, "model": "users.tmptoken", "fields": {"token": "388d573d-5123-4374-9961-5dc4b3775392", "request_type": 2, "token_secret": "04611839-43b0-4021-8aaa-ff25476705ff"}}, {"pk": 3, "model": "users.tmptoken", "fields": {"token": "85b60f59-5453-46d4-8fa9-ce19b5abf608", "request_type": 2, "token_secret": "18c8af2b-f70d-4f20-96a7-3dc11f63039d"}}, {"pk": 4, "model": "users.tmptoken", "fields": {"token": "6de2c7dc-3419-4e94-9701-fd6339e41590", "request_type": 2, "token_secret": "36decaaf-747e-4bcb-831a-15964a77d9f1"}}, {"pk": 5, "model": "users.tmptoken", "fields": {"token": "741a4f86-c275-4b0e-b78f-bdb394d422e5", "request_type": 2, "token_secret": "34a86f90-5f8c-40a0-acb0-27f4ac11ecd5"}}, {"pk": 6, "model": "users.tmptoken", "fields": {"token": "b634a8dc-0fff-4045-b977-6e74772c0cde", "request_type": 0, "token_secret": "cb777591-d98a-4a3c-b99f-67cf4580a617"}}, {"pk": 7, "model": "users.tmptoken", "fields": {"token": "2c504ef9-146f-4d3c-9742-ab50c4a89855", "request_type": 0, "token_secret": "cd6638b4-759d-4a90-9ea4-f41621af46f2"}}, {"pk": 8, "model": "users.tmptoken", "fields": {"token": "185eebe6-be40-4621-aaa0-2bc47f0f78e3", "request_type": 1, "token_secret": "93428fdc-1fec-415c-a2d5-bd64f8455248"}}, {"pk": 9, "model": "users.tmptoken", "fields": {"token": "f8d0364c-fcde-46da-bce5-b18ed833bcc1", "request_type": 0, "token_secret": "b4956458-3d88-4e4e-aa34-19ffb632a0df"}}, {"pk": 10, "model": "users.tmptoken", "fields": {"token": "8b48852b-41db-433a-b2d6-3e039b2767d1", "request_type": 0, "token_secret": "1a8c5ee5-80de-4f4f-9121-2fb70717b2eb"}}, {"pk": 11, "model": "users.tmptoken", "fields": {"token": "ab12095f-1ce8-4353-b454-a050ac011609", "request_type": 0, "token_secret": "135a3dd0-27cf-4e09-867e-ee6d78c32650"}}, {"pk": 12, "model": "users.tmptoken", "fields": {"token": "55471506-a422-459a-981c-6cce42b98aaf", "request_type": 0, "token_secret": "aa5ba3df-0334-4bb0-83aa-64810995f5b8"}}, {"pk": 13, "model": "users.tmptoken", "fields": {"token": "c8f6f638-4c0b-4915-9ca4-c6ebf5c3e5a1", "request_type": 0, "token_secret": "d9169148-4389-4ef1-a570-78d43b14075e"}}, {"pk": 14, "model": "users.tmptoken", "fields": {"token": "f7f298af-a510-49a4-8980-dbf9160800e8", "request_type": 0, "token_secret": "19a72679-043b-4760-85c2-17750c9e20bc"}}, {"pk": 15, "model": "users.tmptoken", "fields": {"token": "b99afdda-1516-429e-93bc-9a078443a319", "request_type": 0, "token_secret": "6d602377-0b5c-4618-be6d-f1f9efa12c37"}}, {"pk": 16, "model": "users.tmptoken", "fields": {"token": "a9abd520-deaa-42c2-afb8-f97c39aefa86", "request_type": 0, "token_secret": "8bdfa3a8-b106-4417-b0af-3492140fd01c"}}, {"pk": 17, "model": "users.tmptoken", "fields": {"token": "fed7c92a-c8fb-47ea-992f-249343464414", "request_type": 0, "token_secret": "b7ecc6e3-545e-4721-b9c4-dff07ee4b684"}}, {"pk": 18, "model": "users.tmptoken", "fields": {"token": "cd07ce40-99e0-441a-a4c8-507aac95f453", "request_type": 0, "token_secret": "7415a9ac-560f-40f0-8ccf-af2dd2d3470e"}}, {"pk": 19, "model": "users.tmptoken", "fields": {"token": "a7816ccd-1813-4e2c-ba35-3fb69c86a220", "request_type": 0, "token_secret": "74859850-7e95-48c1-951e-031237b78f32"}}, {"pk": 20, "model": "users.tmptoken", "fields": {"token": "1d7bdc83-0f61-4d02-b4a6-6a6a3972250f", "request_type": 0, "token_secret": "5c836559-1917-41ca-80fc-ac01536923bf"}}, {"pk": 21, "model": "users.tmptoken", "fields": {"token": "e2eecde3-6a16-480d-b9a6-274c69735f1e", "request_type": 0, "token_secret": "9fec2fd4-cfd0-465e-bb1b-fdc47339c59a"}}, {"pk": 22, "model": "users.tmptoken", "fields": {"token": "1241475e-cf52-40eb-a567-6d4251865d8d", "request_type": 0, "token_secret": "089c2dcc-3da1-4526-a6b9-a33789bb2b0b"}}, {"pk": 23, "model": "users.tmptoken", "fields": {"token": "ca93edc1-e1f5-4652-a389-dfb88e7cbdc3", "request_type": 0, "token_secret": "91a058c4-8ba7-41b2-b0d3-7e5155a01eb6"}}, {"pk": 24, "model": "users.tmptoken", "fields": {"token": "24d4d328-22e6-4673-a2b2-63e6c6d5a03d", "request_type": 0, "token_secret": "f862f4b5-d10d-4d13-931b-eb78880cefba"}}, {"pk": 25, "model": "users.tmptoken", "fields": {"token": "0860d2e6-0f68-432f-81cb-4f330df04684", "request_type": 0, "token_secret": "78c4d4c2-5d6f-4acc-a096-a9a3701297e5"}}, {"pk": 26, "model": "users.tmptoken", "fields": {"token": "25807b35-bb29-4e6f-9871-1cdb26ef0250", "request_type": 0, "token_secret": "15591d3e-82e4-4284-8c3b-db0ff582bb05"}}, {"pk": 27, "model": "users.tmptoken", "fields": {"token": "40c4c758-78fe-45c7-a0f3-24644937a17e", "request_type": 0, "token_secret": "516aee48-2f85-493d-a4fb-041dc22cda56"}}, {"pk": 28, "model": "users.tmptoken", "fields": {"token": "0d541182-28b7-479c-ae2a-d934d461fdd8", "request_type": 0, "token_secret": "f06b6665-c6ed-42c1-b0ee-feb3a628b8f9"}}, {"pk": 29, "model": "users.tmptoken", "fields": {"token": "23567148-ee7a-4069-a2af-60741dcc291d", "request_type": 0, "token_secret": "c7508372-ab0f-4e17-8c2b-8830c7f472eb"}}, {"pk": 30, "model": "users.tmptoken", "fields": {"token": "0154a356-0813-4a94-b54d-20bc1335b5f3", "request_type": 0, "token_secret": "df95533e-fa9c-4fde-bb46-e071a4f824b0"}}, {"pk": 31, "model": "users.tmptoken", "fields": {"token": "fb396517-e243-4146-b6a0-5d5c3dcbba81", "request_type": 0, "token_secret": "9fd96d53-c2c0-45e9-90af-652209992d24"}}, {"pk": 32, "model": "users.tmptoken", "fields": {"token": "7e79183f-d8de-443d-8322-4b33a8748733", "request_type": 0, "token_secret": "9cc99026-d270-42d1-8b4e-b4fbbaca5a6d"}}, {"pk": 33, "model": "users.tmptoken", "fields": {"token": "286bcb19-09c7-4c5e-be09-04596031f6e8", "request_type": 0, "token_secret": "3609bd0e-3c94-4cc2-ba88-04b5690f708b"}}, {"pk": 34, "model": "users.tmptoken", "fields": {"token": "0fec1fb6-0a88-491e-9955-a2c1068074af", "request_type": 0, "token_secret": "61bac29a-1e3f-48d4-bb34-94ae1566d9bf"}}, {"pk": 35, "model": "users.tmptoken", "fields": {"token": "b9781bf1-9fb0-46e5-aa0a-1cb6bb04bea0", "request_type": 0, "token_secret": "b9543e9d-78ac-4db2-8e5a-e5f0113a4816"}}, {"pk": 32, "model": "users.emailconfirm", "fields": {"token": "74af2a33945dd94add9000db72ac4d0b", "user": 38}}, {"pk": 33, "model": "users.emailconfirm", "fields": {"token": "4fd204c5ec7ad15c532f80eec886694d", "user": 39}}, {"pk": 34, "model": "users.emailconfirm", "fields": {"token": "8ab62c75cbe2260c8a847f8f31b0973c", "user": 40}}, {"pk": 1, "model": "users.emailtemplate", "fields": {"name": "email_confimation", "template": "To confirm your account at http://tax26.com/ please click the following link: {{ body }}\r\n\r\n Thank you, \r\n http://beta.tax26.com/", "subject": "Tax26.com registration confirmation"}}, {"pk": 2, "model": "users.emailtemplate", "fields": {"name": "password_restore", "template": "To restore your password at http://tax26.com/ please click the following link: {{ body }}\n\r Thank you, \r\n http://tax26.com/", "subject": "Tax26.com password restore"}}, {"pk": 3, "model": "users.emailtemplate", "fields": {"name": "follow_updates", "template": "<html><body>New updates on {{ SITE_URL }}, \r\n click here to see: {{ URL }}</body></html>", "subject": "Tax26.com updates"}}]